msisdn,daily_calls,avg_call_sec,intl_minutes,unique_numbers,night_call_pct,data_usage_gb,is_fraud,fraud_type
96895001303,259.4,45.4,381.5,134.3,49.4,3.2,1,SIM-Box
96895000598,251.9,48.2,254.3,139.0,56.8,4.2,1,SIM-Box
96895000478,228.5,18.9,185.9,161.5,59.1,2.7,1,SIM-Box
96895000009,222.2,13.9,442.1,140.1,58.3,1.6,1,SIM-Box
96895001372,219.9,60.0,341.8,119.1,44.1,4.2,1,SIM-Box
96895000221,215.0,55.0,152.5,129.4,41.0,4.8,1,SIM-Box
96895001146,214.3,22.2,406.5,106.9,47.8,5.0,1,SIM-Box
96895000806,197.6,38.7,283.2,100.1,41.2,2.3,1,SIM-Box
96895001652,197.4,52.6,260.5,166.7,48.6,4.7,1,SIM-Box
96895000950,186.7,39.8,256.0,135.1,53.2,4.8,1,SIM-Box
96895000412,185.2,26.2,3.9,137.2,2.0,0.7,1,Spam-Caller
96895000581,179.7,28.6,4.3,137.1,9.8,0.6,1,Spam-Caller
96895002243,175.1,42.0,394.3,126.0,60.3,5.6,1,SIM-Box
96895000167,167.8,19.7,0.2,126.8,10.7,4.0,1,Spam-Caller
96895000491,165.3,30.3,3.7,176.7,9.6,3.7,1,Spam-Caller
96895000291,164.0,45.3,479.1,128.0,37.6,3.3,1,SIM-Box
96895001618,163.9,45.0,349.1,126.7,45.3,5.5,1,SIM-Box
96895001486,160.6,20.8,0.0,126.0,21.5,2.0,1,Spam-Caller
96895001634,160.5,58.3,263.6,94.8,27.6,5.0,1,SIM-Box
96895002209,160.4,56.1,363.4,91.3,66.5,1.9,1,SIM-Box
96895002226,160.0,19.1,0.0,132.1,8.5,0.1,1,Spam-Caller
96895000259,159.1,45.6,360.7,129.9,54.4,0.1,1,SIM-Box
96895001802,157.9,21.7,1.8,145.7,2.5,3.9,1,Spam-Caller
96895002251,152.2,44.4,366.2,133.5,63.4,3.7,1,SIM-Box
96895000522,149.3,13.9,4.0,136.9,6.5,3.4,1,Spam-Caller
96895001954,147.4,42.8,238.7,116.3,46.8,2.0,1,SIM-Box
96895000808,145.4,47.7,251.2,144.2,43.5,3.7,1,SIM-Box
96895000902,138.7,39.6,424.3,134.2,46.4,0.8,1,SIM-Box
96895001164,135.3,30.0,7.3,147.5,10.2,3.3,1,Spam-Caller
96895000927,131.5,5.0,3.8,117.5,6.3,2.4,1,Spam-Caller
96895002027,122.4,20.9,1.8,128.6,13.3,2.3,1,Spam-Caller
96895001525,120.8,21.5,4.6,142.6,14.5,4.0,1,Spam-Caller
96895000101,117.2,12.1,9.8,129.9,11.2,3.6,1,Spam-Caller
96895000897,113.7,47.1,11.3,148.9,8.1,0.1,1,Spam-Caller
96895000724,111.1,26.8,9.1,129.1,6.4,1.8,1,Spam-Caller
96895000408,109.5,36.9,2.5,111.1,6.7,1.5,1,Spam-Caller
96895001491,93.6,53.2,326.7,153.0,26.2,3.2,1,SIM-Box
96895001792,88.7,21.7,3.2,114.0,3.2,1.5,1,Spam-Caller
96895002237,86.6,48.7,253.9,78.5,46.0,2.8,1,SIM-Box
96895001984,83.2,6.8,4.3,121.7,7.0,6.2,1,Spam-Caller
96895001942,20.8,5.0,513.9,10.6,12.2,26.6,0,
96895001931,20.7,175.2,506.0,12.5,13.6,37.0,0,
96895002285,18.5,202.3,439.9,1.0,3.6,13.6,0,
96895000780,16.5,269.3,459.8,13.1,5.8,22.8,0,
96895002305,13.9,161.4,448.1,13.5,18.2,0.1,0,
96895002258,12.4,176.8,512.5,10.7,11.7,0.1,0,
96895000690,11.6,199.9,472.3,4.3,9.9,3.6,0,
96895000993,9.4,205.0,472.1,4.2,5.4,6.0,0,
96895002365,6.6,230.8,457.9,8.4,16.6,1.8,0,
96895002460,6.5,201.0,468.6,13.3,0.0,0.1,0,
