ticket_id,complaint_text,true_feeling
TKT50000,"The new 5G in Sohar is amazing, very happy with the speed",Positive
TKT50001,I want to know my current data balance for this month,Neutral
TKT50002,The app is wonderful and my bill was correct this month,Positive
TKT50003,The signal is awful and I am thinking of switching to a competitor,Negative
TKT50004,Can you explain the charges on my last invoice,Neutral
TKT50005,Is the eSIM National Day offer still available,Neutral
TKT50006,"Great customer service today, the agent solved my problem quickly",Positive
TKT50007,No internet for three days in Muscat and no one helped me,Negative
TKT50008,No internet for three days in Sohar and no one helped me,Negative
TKT50009,"Excellent coverage during my trip to Sur, very satisfied",Positive
TKT50010,Please tell me how to activate international roaming for Muscat,Neutral
TKT50011,No internet for three days in Sohar and no one helped me,Negative
TKT50012,I need to update the address on my account,Neutral
TKT50013,"Slow internet, expensive plan, terrible experience overall",Negative
TKT50014,"Excellent coverage during my trip to Muscat, very satisfied",Positive
TKT50015,I need to update the address on my account,Neutral
TKT50016,What time does the Omantel store in Sohar open,Neutral
TKT50017,I would like to change my monthly plan,Neutral
TKT50018,"Excellent coverage during my trip to Muscat, very satisfied",Positive
TKT50019,"The new 5G in Muscat is amazing, very happy with the speed",Positive
TKT50020,"I am so frustrated, my SIM activation failed twice",Negative
TKT50021,"The network is terrible in Sur, calls drop every day",Negative
TKT50022,Can you explain the charges on my last invoice,Neutral
TKT50023,Can you explain the charges on my last invoice,Neutral
TKT50024,"I have been overcharged again on my bill, this is unacceptable",Negative
TKT50025,"The network is terrible in Sohar, calls drop every day",Negative
TKT50026,Is the eSIM National Day offer still available,Neutral
TKT50027,I would like to change my monthly plan,Neutral
TKT50028,"Fantastic experience, the National Day offer was a great deal",Positive
TKT50029,Is the eSIM National Day offer still available,Neutral
TKT50030,"Slow internet, expensive plan, terrible experience overall",Negative
TKT50031,"Fantastic experience, the National Day offer was a great deal",Positive
TKT50032,"Worst customer service ever, I waited two hours and got nothing",Negative
TKT50033,"Worst customer service ever, I waited two hours and got nothing",Negative
TKT50034,Please tell me how to activate international roaming for Muscat,Neutral
TKT50035,"The network is terrible in Sohar, calls drop every day",Negative
TKT50036,The signal is awful and I am thinking of switching to a competitor,Negative
TKT50037,"I am so frustrated, my SIM activation failed twice",Negative
TKT50038,"The network is terrible in Nizwa, calls drop every day",Negative
TKT50039,"My data ran out too fast, I am very disappointed with Omantel",Negative
TKT50040,No internet for three days in Muscat and no one helped me,Negative
TKT50041,"Slow internet, expensive plan, terrible experience overall",Negative
TKT50042,Is the eSIM National Day offer still available,Neutral
TKT50043,"I am so frustrated, my SIM activation failed twice",Negative
TKT50044,The signal is awful and I am thinking of switching to a competitor,Negative
TKT50045,"Slow internet, expensive plan, terrible experience overall",Negative
TKT50046,Can you explain the charges on my last invoice,Neutral
TKT50047,Please tell me how to activate international roaming for Sur,Neutral
TKT50048,"Worst customer service ever, I waited two hours and got nothing",Negative
TKT50049,I need to update the address on my account,Neutral
TKT50050,The app is wonderful and my bill was correct this month,Positive
TKT50051,"Fantastic experience, the National Day offer was a great deal",Positive
TKT50052,I would like to change my monthly plan,Neutral
TKT50053,"Worst customer service ever, I waited two hours and got nothing",Negative
TKT50054,I would like to change my monthly plan,Neutral
TKT50055,I need to update the address on my account,Neutral
TKT50056,"The network is terrible in Sohar, calls drop every day",Negative
TKT50057,"The network is terrible in Muscat, calls drop every day",Negative
TKT50058,"Fast internet and a fair price, I am really pleased",Positive
TKT50059,"Worst customer service ever, I waited two hours and got nothing",Negative
TKT50060,Is the eSIM National Day offer still available,Neutral
TKT50061,"The network is terrible in Nizwa, calls drop every day",Negative
TKT50062,"Worst customer service ever, I waited two hours and got nothing",Negative
TKT50063,"Fast internet and a fair price, I am really pleased",Positive
TKT50064,"Best network in Oman, thank you Omantel for the great service",Positive
TKT50065,"I am so frustrated, my SIM activation failed twice",Negative
TKT50066,No internet for three days in Sohar and no one helped me,Negative
TKT50067,I want to know my current data balance for this month,Neutral
TKT50068,No internet for three days in Muscat and no one helped me,Negative
TKT50069,"Excellent coverage during my trip to Muscat, very satisfied",Positive
TKT50070,"Slow internet, expensive plan, terrible experience overall",Negative
TKT50071,"Excellent coverage during my trip to Sur, very satisfied",Positive
TKT50072,I want to know my current data balance for this month,Neutral
TKT50073,"I love the new eSIM, activation was easy and fast",Positive
TKT50074,"Fast internet and a fair price, I am really pleased",Positive
TKT50075,Please tell me how to activate international roaming for Sohar,Neutral
TKT50076,No internet for three days in Nizwa and no one helped me,Negative
TKT50077,"My data ran out too fast, I am very disappointed with Omantel",Negative
TKT50078,No internet for three days in Muscat and no one helped me,Negative
TKT50079,Please tell me how to activate international roaming for Sohar,Neutral
TKT50080,"Fantastic experience, the National Day offer was a great deal",Positive
TKT50081,"Fantastic experience, the National Day offer was a great deal",Positive
TKT50082,"Worst customer service ever, I waited two hours and got nothing",Negative
TKT50083,"I love the new eSIM, activation was easy and fast",Positive
TKT50084,"I am so frustrated, my SIM activation failed twice",Negative
TKT50085,The signal is awful and I am thinking of switching to a competitor,Negative
TKT50086,"Slow internet, expensive plan, terrible experience overall",Negative
TKT50087,"I have been overcharged again on my bill, this is unacceptable",Negative
TKT50088,"The network is terrible in Sur, calls drop every day",Negative
TKT50089,"Slow internet, expensive plan, terrible experience overall",Negative
TKT50090,"Fantastic experience, the National Day offer was a great deal",Positive
TKT50091,The signal is awful and I am thinking of switching to a competitor,Negative
TKT50092,"I am so frustrated, my SIM activation failed twice",Negative
TKT50093,I would like to change my monthly plan,Neutral
TKT50094,"I am so frustrated, my SIM activation failed twice",Negative
TKT50095,No internet for three days in Salalah and no one helped me,Negative
TKT50096,The app is wonderful and my bill was correct this month,Positive
TKT50097,"I love the new eSIM, activation was easy and fast",Positive
TKT50098,What time does the Omantel store in Muscat open,Neutral
TKT50099,No internet for three days in Sohar and no one helped me,Negative
TKT50100,Please tell me how to activate international roaming for Nizwa,Neutral
TKT50101,"The network is terrible in Sohar, calls drop every day",Negative
TKT50102,"My data ran out too fast, I am very disappointed with Omantel",Negative
TKT50103,"Best network in Oman, thank you Omantel for the great service",Positive
TKT50104,I would like to change my monthly plan,Neutral
TKT50105,How do I transfer my number to a new SIM card,Neutral
TKT50106,"Excellent coverage during my trip to Nizwa, very satisfied",Positive
TKT50107,"Worst customer service ever, I waited two hours and got nothing",Negative
TKT50108,The app is wonderful and my bill was correct this month,Positive
TKT50109,"I am so frustrated, my SIM activation failed twice",Negative
TKT50110,"Fantastic experience, the National Day offer was a great deal",Positive
TKT50111,Please tell me how to activate international roaming for Muscat,Neutral
TKT50112,"Worst customer service ever, I waited two hours and got nothing",Negative
TKT50113,Can you explain the charges on my last invoice,Neutral
TKT50114,Is the eSIM National Day offer still available,Neutral
TKT50115,"I have been overcharged again on my bill, this is unacceptable",Negative
TKT50116,"The new 5G in Sur is amazing, very happy with the speed",Positive
TKT50117,Can you explain the charges on my last invoice,Neutral
TKT50118,"Great customer service today, the agent solved my problem quickly",Positive
TKT50119,"Excellent coverage during my trip to Sohar, very satisfied",Positive
TKT50120,"Slow internet, expensive plan, terrible experience overall",Negative
TKT50121,"Excellent coverage during my trip to Muscat, very satisfied",Positive
TKT50122,"The new 5G in Sohar is amazing, very happy with the speed",Positive
TKT50123,"I love the new eSIM, activation was easy and fast",Positive
TKT50124,"Fantastic experience, the National Day offer was a great deal",Positive
TKT50125,I would like to change my monthly plan,Neutral
TKT50126,"I have been overcharged again on my bill, this is unacceptable",Negative
TKT50127,"I love the new eSIM, activation was easy and fast",Positive
TKT50128,"Fast internet and a fair price, I am really pleased",Positive
TKT50129,Please tell me how to activate international roaming for Salalah,Neutral
TKT50130,"I love the new eSIM, activation was easy and fast",Positive
TKT50131,"Slow internet, expensive plan, terrible experience overall",Negative
TKT50132,The app is wonderful and my bill was correct this month,Positive
TKT50133,"I am so frustrated, my SIM activation failed twice",Negative
TKT50134,Can you explain the charges on my last invoice,Neutral
TKT50135,I want to know my current data balance for this month,Neutral
TKT50136,"I love the new eSIM, activation was easy and fast",Positive
TKT50137,"Fantastic experience, the National Day offer was a great deal",Positive
TKT50138,"Excellent coverage during my trip to Nizwa, very satisfied",Positive
TKT50139,"Slow internet, expensive plan, terrible experience overall",Negative
TKT50140,"My data ran out too fast, I am very disappointed with Omantel",Negative
TKT50141,"Best network in Oman, thank you Omantel for the great service",Positive
TKT50142,"Fantastic experience, the National Day offer was a great deal",Positive
TKT50143,"Excellent coverage during my trip to Salalah, very satisfied",Positive
TKT50144,Please tell me how to activate international roaming for Salalah,Neutral
TKT50145,I need to update the address on my account,Neutral
TKT50146,"Excellent coverage during my trip to Sur, very satisfied",Positive
TKT50147,"I am so frustrated, my SIM activation failed twice",Negative
TKT50148,"Worst customer service ever, I waited two hours and got nothing",Negative
TKT50149,"I have been overcharged again on my bill, this is unacceptable",Negative
TKT50150,Please tell me how to activate international roaming for Sur,Neutral
TKT50151,"My data ran out too fast, I am very disappointed with Omantel",Negative
TKT50152,How do I transfer my number to a new SIM card,Neutral
TKT50153,"Great customer service today, the agent solved my problem quickly",Positive
TKT50154,Please tell me how to activate international roaming for Sur,Neutral
TKT50155,I need to update the address on my account,Neutral
TKT50156,Is the eSIM National Day offer still available,Neutral
TKT50157,"Slow internet, expensive plan, terrible experience overall",Negative
TKT50158,"Fantastic experience, the National Day offer was a great deal",Positive
TKT50159,"My data ran out too fast, I am very disappointed with Omantel",Negative
TKT50160,Is the eSIM National Day offer still available,Neutral
TKT50161,"Fantastic experience, the National Day offer was a great deal",Positive
TKT50162,"Worst customer service ever, I waited two hours and got nothing",Negative
TKT50163,"I have been overcharged again on my bill, this is unacceptable",Negative
TKT50164,"I have been overcharged again on my bill, this is unacceptable",Negative
TKT50165,"The new 5G in Nizwa is amazing, very happy with the speed",Positive
TKT50166,Please tell me how to activate international roaming for Salalah,Neutral
TKT50167,Please tell me how to activate international roaming for Sohar,Neutral
TKT50168,"I love the new eSIM, activation was easy and fast",Positive
TKT50169,"I am so frustrated, my SIM activation failed twice",Negative
TKT50170,"The network is terrible in Sur, calls drop every day",Negative
TKT50171,"Fantastic experience, the National Day offer was a great deal",Positive
TKT50172,I would like to change my monthly plan,Neutral
TKT50173,The signal is awful and I am thinking of switching to a competitor,Negative
TKT50174,"Slow internet, expensive plan, terrible experience overall",Negative
TKT50175,How do I transfer my number to a new SIM card,Neutral
TKT50176,"Great customer service today, the agent solved my problem quickly",Positive
TKT50177,"I have been overcharged again on my bill, this is unacceptable",Negative
TKT50178,I need to update the address on my account,Neutral
TKT50179,"The new 5G in Salalah is amazing, very happy with the speed",Positive
TKT50180,The app is wonderful and my bill was correct this month,Positive
TKT50181,"I am so frustrated, my SIM activation failed twice",Negative
TKT50182,I need to update the address on my account,Neutral
TKT50183,What time does the Omantel store in Sur open,Neutral
TKT50184,"Slow internet, expensive plan, terrible experience overall",Negative
TKT50185,I need to update the address on my account,Neutral
TKT50186,Is the eSIM National Day offer still available,Neutral
TKT50187,"Best network in Oman, thank you Omantel for the great service",Positive
TKT50188,"The network is terrible in Sur, calls drop every day",Negative
TKT50189,"Worst customer service ever, I waited two hours and got nothing",Negative
TKT50190,"Slow internet, expensive plan, terrible experience overall",Negative
TKT50191,"I love the new eSIM, activation was easy and fast",Positive
TKT50192,I want to know my current data balance for this month,Neutral
TKT50193,"I love the new eSIM, activation was easy and fast",Positive
TKT50194,I would like to change my monthly plan,Neutral
TKT50195,"My data ran out too fast, I am very disappointed with Omantel",Negative
TKT50196,I want to know my current data balance for this month,Neutral
TKT50197,I would like to change my monthly plan,Neutral
TKT50198,"I have been overcharged again on my bill, this is unacceptable",Negative
TKT50199,I want to know my current data balance for this month,Neutral
TKT50200,No internet for three days in Sur and no one helped me,Negative
TKT50201,"Fast internet and a fair price, I am really pleased",Positive
TKT50202,The signal is awful and I am thinking of switching to a competitor,Negative
TKT50203,"Excellent coverage during my trip to Salalah, very satisfied",Positive
TKT50204,"The new 5G in Sohar is amazing, very happy with the speed",Positive
TKT50205,"I love the new eSIM, activation was easy and fast",Positive
TKT50206,What time does the Omantel store in Muscat open,Neutral
TKT50207,"Fantastic experience, the National Day offer was a great deal",Positive
TKT50208,"I have been overcharged again on my bill, this is unacceptable",Negative
TKT50209,"The new 5G in Muscat is amazing, very happy with the speed",Positive
TKT50210,"Great customer service today, the agent solved my problem quickly",Positive
TKT50211,I would like to change my monthly plan,Neutral
TKT50212,"I have been overcharged again on my bill, this is unacceptable",Negative
TKT50213,"I have been overcharged again on my bill, this is unacceptable",Negative
TKT50214,Can you explain the charges on my last invoice,Neutral
TKT50215,No internet for three days in Nizwa and no one helped me,Negative
TKT50216,"I have been overcharged again on my bill, this is unacceptable",Negative
TKT50217,Can you explain the charges on my last invoice,Neutral
TKT50218,"Best network in Oman, thank you Omantel for the great service",Positive
TKT50219,The signal is awful and I am thinking of switching to a competitor,Negative
TKT50220,"The new 5G in Nizwa is amazing, very happy with the speed",Positive
TKT50221,I want to know my current data balance for this month,Neutral
TKT50222,I need to update the address on my account,Neutral
TKT50223,The app is wonderful and my bill was correct this month,Positive
TKT50224,"The network is terrible in Salalah, calls drop every day",Negative
TKT50225,Please tell me how to activate international roaming for Sur,Neutral
TKT50226,"I have been overcharged again on my bill, this is unacceptable",Negative
TKT50227,"My data ran out too fast, I am very disappointed with Omantel",Negative
TKT50228,"Excellent coverage during my trip to Muscat, very satisfied",Positive
TKT50229,I want to know my current data balance for this month,Neutral
TKT50230,"I have been overcharged again on my bill, this is unacceptable",Negative
TKT50231,I would like to change my monthly plan,Neutral
TKT50232,I want to know my current data balance for this month,Neutral
TKT50233,Please tell me how to activate international roaming for Sohar,Neutral
TKT50234,"The new 5G in Sur is amazing, very happy with the speed",Positive
TKT50235,"Worst customer service ever, I waited two hours and got nothing",Negative
TKT50236,"Worst customer service ever, I waited two hours and got nothing",Negative
TKT50237,"Worst customer service ever, I waited two hours and got nothing",Negative
TKT50238,I would like to change my monthly plan,Neutral
TKT50239,I would like to change my monthly plan,Neutral
TKT50240,Can you explain the charges on my last invoice,Neutral
TKT50241,"Great customer service today, the agent solved my problem quickly",Positive
TKT50242,"The new 5G in Nizwa is amazing, very happy with the speed",Positive
TKT50243,"Slow internet, expensive plan, terrible experience overall",Negative
TKT50244,How do I transfer my number to a new SIM card,Neutral
TKT50245,"Fast internet and a fair price, I am really pleased",Positive
TKT50246,"Fantastic experience, the National Day offer was a great deal",Positive
TKT50247,I need to update the address on my account,Neutral
TKT50248,How do I transfer my number to a new SIM card,Neutral
TKT50249,"My data ran out too fast, I am very disappointed with Omantel",Negative
TKT50250,"Worst customer service ever, I waited two hours and got nothing",Negative
TKT50251,"Worst customer service ever, I waited two hours and got nothing",Negative
TKT50252,"Fantastic experience, the National Day offer was a great deal",Positive
TKT50253,"My data ran out too fast, I am very disappointed with Omantel",Negative
TKT50254,"The new 5G in Muscat is amazing, very happy with the speed",Positive
TKT50255,The signal is awful and I am thinking of switching to a competitor,Negative
TKT50256,"My data ran out too fast, I am very disappointed with Omantel",Negative
TKT50257,"My data ran out too fast, I am very disappointed with Omantel",Negative
TKT50258,"Fast internet and a fair price, I am really pleased",Positive
TKT50259,"Slow internet, expensive plan, terrible experience overall",Negative
TKT50260,"The network is terrible in Muscat, calls drop every day",Negative
TKT50261,"Slow internet, expensive plan, terrible experience overall",Negative
TKT50262,Can you explain the charges on my last invoice,Neutral
TKT50263,The signal is awful and I am thinking of switching to a competitor,Negative
TKT50264,The signal is awful and I am thinking of switching to a competitor,Negative
TKT50265,"Fantastic experience, the National Day offer was a great deal",Positive
TKT50266,Can you explain the charges on my last invoice,Neutral
TKT50267,"I love the new eSIM, activation was easy and fast",Positive
TKT50268,Please tell me how to activate international roaming for Sohar,Neutral
TKT50269,Is the eSIM National Day offer still available,Neutral
TKT50270,No internet for three days in Muscat and no one helped me,Negative
TKT50271,"The network is terrible in Muscat, calls drop every day",Negative
TKT50272,"Best network in Oman, thank you Omantel for the great service",Positive
TKT50273,"Fantastic experience, the National Day offer was a great deal",Positive
TKT50274,Please tell me how to activate international roaming for Muscat,Neutral
TKT50275,"Excellent coverage during my trip to Sohar, very satisfied",Positive
TKT50276,"I love the new eSIM, activation was easy and fast",Positive
TKT50277,"I have been overcharged again on my bill, this is unacceptable",Negative
TKT50278,"My data ran out too fast, I am very disappointed with Omantel",Negative
TKT50279,I need to update the address on my account,Neutral
TKT50280,Can you explain the charges on my last invoice,Neutral
TKT50281,No internet for three days in Sohar and no one helped me,Negative
TKT50282,"The new 5G in Nizwa is amazing, very happy with the speed",Positive
TKT50283,What time does the Omantel store in Nizwa open,Neutral
TKT50284,"The new 5G in Salalah is amazing, very happy with the speed",Positive
TKT50285,Is the eSIM National Day offer still available,Neutral
TKT50286,"Fantastic experience, the National Day offer was a great deal",Positive
TKT50287,"Excellent coverage during my trip to Nizwa, very satisfied",Positive
TKT50288,"Fantastic experience, the National Day offer was a great deal",Positive
TKT50289,"I have been overcharged again on my bill, this is unacceptable",Negative
TKT50290,"Worst customer service ever, I waited two hours and got nothing",Negative
TKT50291,How do I transfer my number to a new SIM card,Neutral
TKT50292,The app is wonderful and my bill was correct this month,Positive
TKT50293,Is the eSIM National Day offer still available,Neutral
TKT50294,"Slow internet, expensive plan, terrible experience overall",Negative
TKT50295,"Best network in Oman, thank you Omantel for the great service",Positive
TKT50296,"The network is terrible in Salalah, calls drop every day",Negative
TKT50297,No internet for three days in Muscat and no one helped me,Negative
TKT50298,I need to update the address on my account,Neutral
TKT50299,"Worst customer service ever, I waited two hours and got nothing",Negative
